symbol,start_date,market_prediction,end_value,max_drawdown,trade time,last_entry_time,close_time
FILUSDT,12/31/2023,Downtrend,919.8635109,22.58364587,5,1/3/2024 12:10,
GRTUSDT,1/1/2024,Ranging,817.8500832,24.49960161,5,1/3/2024 11:55,
MKRUSDT,1/2/2024,High Volatility,1209.054037,13.06798743,5,1/3/2024 12:10,
ENSUSDT,1/3/2024,Downtrend,1382.485839,37.99936552,5,1/7/2024 22:31,
TIAUSDT,1/4/2024,Downtrend,1153.607242,25.52400603,5,1/5/2024 1:48,
SUIUSDT,1/5/2024,Downtrend,1604.65692,25.68336887,5,1/6/2024 5:28,
LDOUSDT,1/6/2024,High Volatility,932.8233547,29.76556862,5,1/7/2024 23:24,
SHIBUSDT,1/7/2024,Ranging,1003.401631,0.72641873,3,1/23/2024 14:03,
OMUSDT,1/8/2024,High Volatility,2304.200755,36.4413809,5,1/9/2024 15:01,
BONKUSDT,1/9/2024,Uptrend,707.127038,40.10753323,5,1/10/2024 3:18,
ENSUSDT,1/10/2024,High Volatility,1167.024823,13.80462035,5,1/22/2024 19:42,
XTZUSDT,1/11/2024,High Volatility,1027.390903,22.16215747,5,1/13/2024 1:13,
RUNEUSDT,1/12/2024,Downtrend,1158.522515,11.27895131,5,1/18/2024 0:08,
TIAUSDT,1/13/2024,Downtrend,1093.249619,19.32511142,5,1/18/2024 11:21,
VETUSDT,1/14/2024,Downtrend,1122.477369,10.11137335,5,1/19/2024 3:29,
BNBUSDT,1/15/2024,Downtrend,1090.095478,4.077688867,5,1/23/2024 9:25,
OMUSDT,1/16/2024,Ranging,1263.211099,8.808314707,3,1/18/2024 20:31,
RAYUSDT,1/17/2024,Ranging,877.8139206,20.96629808,5,1/18/2024 16:49,
FETUSDT,1/18/2024,Uptrend,1180.654604,6.535102948,5,2/12/2024 16:18,
TIAUSDT,1/19/2024,Ranging,1093.154328,14.79175772,5,1/22/2024 2:46,
FLOKIUSDT,1/20/2024,Ranging,1095.425788,12.23850627,5,1/21/2024 20:34,
OMUSDT,1/21/2024,Downtrend,2044.944973,36.62363978,5,1/23/2024 9:28,
TIAUSDT,1/22/2024,Uptrend,1061.663406,18.1599619,5,1/23/2024 23:36,
APTUSDT,1/23/2024,Uptrend,1009.731721,15.50039147,5,1/27/2024 21:09,
MKRUSDT,1/24/2024,Ranging,997.6909587,9.539866752,5,1/28/2024 18:20,
OMUSDT,1/25/2024,High Volatility,2023.542939,37.48654529,5,1/26/2024 8:08,
NEARUSDT,1/26/2024,Uptrend,1160.704776,14.26305074,5,1/30/2024 11:29,
APTUSDT,1/27/2024,Ranging,1138.821876,14.20405762,5,2/6/2024 10:46,
RAYUSDT,1/28/2024,Ranging,834.8792996,24.0672864,5,1/31/2024 10:44,
SUIUSDT,1/29/2024,Downtrend,1064.090295,21.71829106,5,2/1/2024 4:33,
RUNEUSDT,1/30/2024,Ranging,1230.159221,15.43235727,5,2/2/2024 18:00,
OMUSDT,1/31/2024,High Volatility,2181.808948,37.21754637,5,2/1/2024 6:17,
LINKUSDT,2/1/2024,Ranging,1002.070203,0.181887142,1,2/2/2024 3:23,
ICPUSDT,2/2/2024,Uptrend,972.412393,21.12096961,5,2/14/2024 8:39,
OMUSDT,2/3/2024,Downtrend,1310.292762,18.2873758,4,2/4/2024 16:43,
OMUSDT,2/4/2024,Downtrend,1718.042749,35.67255206,5,2/5/2024 15:33,
ENSUSDT,2/5/2024,Uptrend,1178.523716,26.86446521,5,2/6/2024 6:43,
XMRUSDT,2/6/2024,Ranging,1001.317593,0.234303673,1,2/7/2024 1:00,
STXUSDT,2/7/2024,Ranging,1006.930252,0.671910761,1,2/8/2024 1:31,
OMUSDT,2/8/2024,High Volatility,1347.741715,28.45047022,5,2/24/2024 2:04,
BONKUSDT,2/9/2024,Ranging,2149.755728,43.3881821,5,2/11/2024 23:40,
IMXUSDT,2/10/2024,Ranging,1033.992717,1.159689667,3,3/5/2024 19:56,
BCHUSDT,2/11/2024,Ranging,1506.973391,30.59681777,5,2/17/2024 14:36,
IMXUSDT,2/12/2024,Downtrend,1193.420209,8.710516307,5,3/5/2024 19:54,
ARUSDT,2/13/2024,Ranging,1031.497432,1.206005064,1,2/14/2024 1:49,
PEPEUSDT,2/14/2024,Ranging,6233.796917,39.59505502,5,2/16/2024 14:53,
VETUSDT,2/15/2024,Ranging,976.3671626,22.56441056,5,2/20/2024 15:29,
WLDUSDT,2/16/2024,Ranging,1035.734732,2.438839836,2,2/17/2024 1:47,
FILUSDT,2/17/2024,Ranging,1004.373516,0.566823768,1,2/18/2024 2:01,
GRTUSDT,2/18/2024,Ranging,1366.415593,23.42592648,5,2/19/2024 16:34,
HBARUSDT,2/19/2024,Ranging,1056.989936,23.99375455,5,2/20/2024 15:28,
JASMYUSDT,2/20/2024,Downtrend,1027.095463,3.106778443,2,2/21/2024 1:02,
JASMYUSDT,2/21/2024,High Volatility,1330.924318,37.39914947,5,2/22/2024 14:38,
WLDUSDT,2/22/2024,High Volatility,1064.331754,32.74611329,5,2/24/2024 1:25,
UNIUSDT,2/23/2024,Downtrend,1047.546664,32.64975686,5,2/24/2024 14:35,
THETAUSDT,2/24/2024,High Volatility,1040.923133,3.018832781,2,2/25/2024 4:29,
ARUSDT,2/25/2024,High Volatility,1436.393996,19.84636041,4,2/26/2024 9:32,
THETAUSDT,2/26/2024,High Volatility,1019.700375,2.23406888,2,2/28/2024 17:31,
PYTHUSDT,2/27/2024,Downtrend,1320.237025,23.98157109,5,2/28/2024 17:31,
ARUSDT,2/28/2024,High Volatility,1368.530002,32.61137559,5,3/2/2024 2:15,
BONKUSDT,2/29/2024,Downtrend,1269.196121,25.94538146,5,3/19/2024 9:08,
FLOKIUSDT,3/1/2024,High Volatility,1467.219511,26.811057,4,3/2/2024 1:35,
BCHUSDT,3/2/2024,High Volatility,1274.499116,23.45908095,5,3/3/2024 7:25,
FTMUSDT,3/3/2024,High Volatility,1191.314363,25.16025119,5,3/4/2024 2:28,
BONKUSDT,3/4/2024,High Volatility,676.2544077,40.1124376,5,3/5/2024 2:29,
STRKUSDT,3/5/2024,Ranging,930.3045627,17.99718795,5,3/15/2024 3:28,
NEARUSDT,3/6/2024,High Volatility,1213.362149,27.6571638,5,3/7/2024 5:50,
JUPUSDT,3/7/2024,Downtrend,1739.17824,29.70597476,5,3/8/2024 1:39,
FLOKIUSDT,3/8/2024,High Volatility,896.1718975,38.80297648,5,3/9/2024 17:09,
WLDUSDT,3/9/2024,High Volatility,749.4575638,30.88518598,5,3/10/2024 1:15,
GALAUSDT,3/10/2024,High Volatility,869.8450884,27.02976433,5,3/11/2024 15:56,
XRPUSDT,3/11/2024,High Volatility,933.283421,15.74607404,5,3/12/2024 17:09,
INJUSDT,3/12/2024,Downtrend,742.8494467,32.8193218,5,3/13/2024 20:43,
WIFUSDT,3/13/2024,Ranging,984.9966883,42.83479013,5,3/16/2024 2:48,
OMUSDT,3/14/2024,Downtrend,1787.745843,38.19285197,5,3/15/2024 2:53,
SEIUSDT,3/15/2024,Downtrend,639.4182687,44.73163968,5,3/16/2024 13:51,
RAYUSDT,3/16/2024,High Volatility,763.396679,51.94818909,5,3/17/2024 7:22,
OMUSDT,3/17/2024,Downtrend,1242.479464,32.90109717,5,3/22/2024 13:06,
OMUSDT,3/18/2024,High Volatility,916.6757021,33.87437833,5,3/19/2024 6:06,
ETCUSDT,3/19/2024,Ranging,1012.662043,9.751723013,5,4/13/2024 19:56,
PEPEUSDT,3/20/2024,High Volatility,738.0319684,43.94931576,5,3/21/2024 18:33,
JASMYUSDT,3/21/2024,Downtrend,952.1684375,28.94248715,5,3/22/2024 16:05,
APTUSDT,3/22/2024,High Volatility,743.8147139,38.5691778,5,4/2/2024 10:43,
GALAUSDT,3/23/2024,High Volatility,867.3278465,42.76997305,5,3/24/2024 6:41,
ICPUSDT,3/24/2024,Downtrend,985.3998887,20.35986543,5,4/12/2024 17:23,
OMUSDT,3/25/2024,High Volatility,1002.892159,35.74682736,5,4/1/2024 5:50,
IOTAUSDT,3/26/2024,Downtrend,767.8751174,36.3983798,5,3/27/2024 16:12,
BCHUSDT,3/27/2024,Downtrend,1005.940418,16.31046469,5,4/13/2024 20:20,
FLOKIUSDT,3/28/2024,Downtrend,802.8158407,40.09528969,5,4/1/2024 5:48,
LTCUSDT,3/29/2024,Downtrend,870.3634977,27.66556267,5,4/1/2024 14:52,
JUPUSDT,3/30/2024,Downtrend,773.9458331,35.94433652,5,4/5/2024 2:40,
BCHUSDT,3/31/2024,Downtrend,749.3380807,32.15223268,5,4/1/2024 14:38,
IOTAUSDT,4/1/2024,Uptrend,996.6369305,0.416887637,1,4/2/2024 0:45,
OPUSDT,4/2/2024,Uptrend,899.788657,38.71674475,5,4/8/2024 8:54,
ENAUSDT,4/3/2024,Ranging,867.7993852,41.78075202,5,4/4/2024 2:27,
ETCUSDT,4/4/2024,Uptrend,813.0309091,31.61678243,5,4/7/2024 2:47,
APTUSDT,4/5/2024,Uptrend,706.5946264,40.35733008,5,4/8/2024 11:08,
AVAXUSDT,4/6/2024,Uptrend,925.558012,11.85282644,4,4/8/2024 10:36,
PEPEUSDT,4/7/2024,Uptrend,1013.18146,41.67267948,5,4/8/2024 8:57,
NEOUSDT,4/8/2024,Ranging,831.5483198,29.81708572,5,4/9/2024 18:51,
FTMUSDT,4/9/2024,Ranging,820.2178939,31.26294011,5,4/11/2024 12:22,
UNIUSDT,4/10/2024,Ranging,839.0484564,27.26975541,5,4/11/2024 15:54,
UNIUSDT,4/11/2024,Uptrend,997.6956339,0.360574598,1,4/12/2024 0:33,
DYDXUSDT,4/12/2024,Uptrend,954.8471279,6.342280546,4,4/20/2024 18:00,
SANDUSDT,4/13/2024,Uptrend,970.1290069,19.00573536,5,4/14/2024 7:36,
WIFUSDT,4/14/2024,Ranging,996.7736556,29.17776532,5,4/15/2024 14:50,
OMUSDT,4/15/2024,High Volatility,911.7557627,27.21667921,5,4/16/2024 5:14,
TIAUSDT,4/16/2024,Ranging,885.8008715,28.1382116,5,4/17/2024 7:06,
WLDUSDT,4/17/2024,Uptrend,1004.289338,27.86129657,5,4/18/2024 9:13,
GALAUSDT,4/18/2024,Ranging,1093.243253,16.58479784,5,4/30/2024 15:41,
WIFUSDT,4/19/2024,Ranging,956.0569512,27.33103121,5,4/27/2024 1:17,
BONKUSDT,4/20/2024,Ranging,1006.302695,0.472731397,1,4/21/2024 0:49,
BONKUSDT,4/21/2024,Ranging,1056.670024,3.752315858,3,4/22/2024 14:59,
SEIUSDT,4/22/2024,Ranging,891.9399731,25.03266743,5,4/24/2024 0:19,
HBARUSDT,4/23/2024,Ranging,816.2434112,29.81190884,5,4/24/2024 6:07,
ALGOUSDT,4/24/2024,Ranging,968.9695091,17.56868739,5,4/26/2024 0:17,
ARUSDT,4/25/2024,Ranging,1162.23431,23.34436565,5,4/26/2024 10:26,
LTCUSDT,4/26/2024,Ranging,1011.322566,8.993015536,5,4/29/2024 6:48,
ENSUSDT,4/27/2024,Uptrend,1343.303414,12.87311093,5,5/20/2024 21:38,
ARUSDT,4/28/2024,Uptrend,987.1060794,21.05131079,5,5/5/2024 13:34,
SEIUSDT,4/29/2024,Uptrend,998.1546873,0.298805403,1,4/30/2024 0:33,
IMXUSDT,4/30/2024,Uptrend,1064.575139,15.39663051,5,5/1/2024 18:47,
OPUSDT,5/1/2024,Ranging,965.1232035,16.14816093,5,5/8/2024 20:45,
IMXUSDT,5/2/2024,Uptrend,954.724594,16.0584579,5,5/11/2024 15:15,
OMUSDT,5/3/2024,Uptrend,1075.098434,6.911541804,5,6/1/2024 11:45,
FLOKIUSDT,5/4/2024,Uptrend,1278.783546,22.63651412,5,5/14/2024 12:19,
WLDUSDT,5/5/2024,Ranging,911.2729816,23.00420759,5,5/8/2024 19:06,
ENAUSDT,5/6/2024,Ranging,1113.503227,20.7263335,5,5/10/2024 16:03,
TIAUSDT,5/7/2024,Ranging,1128.307709,12.38394885,5,5/13/2024 2:30,
RUNEUSDT,5/8/2024,Ranging,993.1265578,24.66845659,5,5/14/2024 6:12,
ARUSDT,5/9/2024,Downtrend,945.8901132,22.97012256,5,5/11/2024 17:02,
THETAUSDT,5/10/2024,Uptrend,921.6155814,23.57224967,5,5/16/2024 19:36,
IMXUSDT,5/11/2024,Uptrend,827.0186196,22.70287766,5,5/15/2024 18:10,
RUNEUSDT,5/12/2024,Ranging,886.4197024,27.99956199,5,5/14/2024 3:50,
FLOKIUSDT,5/13/2024,Ranging,1005.334275,2.078312081,2,5/14/2024 16:48,
PEPEUSDT,5/14/2024,Ranging,1118.770795,29.36229642,5,5/15/2024 16:00,
IMXUSDT,5/15/2024,Ranging,826.5729346,28.77219411,5,5/20/2024 1:36,
LINKUSDT,5/16/2024,Ranging,1003.485307,3.63114188,5,6/14/2024 17:06,
ARUSDT,5/17/2024,Downtrend,714.8975267,31.49290269,5,5/21/2024 3:44,
BONKUSDT,5/18/2024,Ranging,912.4724882,43.07702006,5,5/19/2024 13:22,
PYTHUSDT,5/19/2024,Ranging,899.076012,17.8084297,5,6/16/2024 4:20,
ENSUSDT,5/20/2024,Ranging,1014.534893,1.772222218,2,5/21/2024 5:19,
ENSUSDT,5/21/2024,Ranging,1239.077383,14.3651874,5,6/11/2024 1:52,
WIFUSDT,5/22/2024,Uptrend,621.2494302,50.69988858,5,5/26/2024 0:30,
ENSUSDT,5/23/2024,Downtrend,1093.471816,18.87101261,5,6/7/2024 18:01,
UNIUSDT,5/24/2024,Downtrend,1000.220661,21.05617035,5,6/2/2024 10:13,
UNIUSDT,5/25/2024,Downtrend,894.9231951,21.23196061,5,5/28/2024 3:30,
JASMYUSDT,5/26/2024,Ranging,1143.770011,33.07293026,5,5/27/2024 11:29,
FLOKIUSDT,5/27/2024,Downtrend,726.5309456,46.37378898,5,5/30/2024 6:06,
TIAUSDT,5/28/2024,Ranging,677.9859079,39.08490943,5,5/29/2024 17:19,
WLDUSDT,5/29/2024,Ranging,681.598779,34.85285883,5,6/7/2024 18:00,
ARUSDT,5/30/2024,Uptrend,663.4170558,43.23038066,5,6/1/2024 2:47,
UNIUSDT,5/31/2024,Ranging,995.6792892,21.84649084,5,6/11/2024 11:59,
OMUSDT,6/1/2024,Ranging,1094.730099,12.99078933,5,6/17/2024 1:17,
PYTHUSDT,6/2/2024,Uptrend,794.325063,37.39996432,5,6/3/2024 3:36,
FLOKIUSDT,6/3/2024,High Volatility,739.1458934,30.87788569,5,6/11/2024 4:34,
UNIUSDT,6/4/2024,Ranging,780.8246071,28.7816407,5,6/6/2024 5:42,
STXUSDT,6/5/2024,Ranging,711.5522199,37.96254446,5,6/7/2024 18:00,
INJUSDT,6/6/2024,Ranging,839.1709088,37.22851646,5,6/11/2024 17:19,
OPUSDT,6/7/2024,Ranging,733.2877719,33.40757599,5,6/11/2024 1:52,
SEIUSDT,6/8/2024,Ranging,717.9850455,39.64203669,5,6/11/2024 17:22,
OMUSDT,6/9/2024,High Volatility,967.8216645,29.77966767,5,6/11/2024 2:07,
BNBUSDT,6/10/2024,High Volatility,910.8025643,19.27470247,5,6/18/2024 1:41,
ARUSDT,6/11/2024,Uptrend,711.8121918,39.51245348,5,6/12/2024 12:41,
INJUSDT,6/12/2024,High Volatility,747.9263376,32.98642302,5,6/13/2024 15:50,
CRVUSDT,6/13/2024,Ranging,1074.466343,20.19051553,5,7/4/2024 1:56,
ENSUSDT,6/14/2024,Uptrend,1133.025876,35.48583185,5,6/15/2024 13:16,
RAYUSDT,6/15/2024,Ranging,1204.236344,23.12854411,5,6/17/2024 12:31,
JASMYUSDT,6/16/2024,High Volatility,864.7887449,38.10969231,5,6/17/2024 7:42,
SANDUSDT,6/17/2024,Ranging,1083.15071,21.65328948,5,6/18/2024 1:44,
JUPUSDT,6/18/2024,Uptrend,1214.740857,24.81325282,5,6/19/2024 16:37,
FETUSDT,6/19/2024,Ranging,1021.516124,34.56339741,5,6/23/2024 16:55,
WLDUSDT,6/20/2024,Uptrend,857.1529451,18.82006699,5,7/17/2024 10:23,
WIFUSDT,6/21/2024,Uptrend,1479.287687,32.05761346,5,6/24/2024 23:37,
AVAXUSDT,6/22/2024,Ranging,1237.249015,21.25183115,5,6/24/2024 8:08,
ENSUSDT,6/23/2024,Downtrend,1270.747648,32.87293292,5,6/24/2024 9:33,
AAVEUSDT,6/24/2024,Ranging,1041.214176,12.89527483,5,7/3/2024 20:19,
STXUSDT,6/25/2024,Ranging,1053.886378,22.61667356,5,6/27/2024 5:30,
FETUSDT,6/26/2024,Ranging,825.612889,27.7688686,5,6/27/2024 5:30,
RAYUSDT,6/27/2024,Ranging,1369.359232,23.13122535,5,6/28/2024 21:09,
LDOUSDT,6/28/2024,Downtrend,919.6936093,21.61942794,5,7/3/2024 6:26,
JASMYUSDT,6/29/2024,Ranging,1117.122702,20.9194564,5,7/3/2024 12:10,
OMUSDT,6/30/2024,Uptrend,1373.39497,22.3614044,5,7/1/2024 18:21,
BONKUSDT,7/1/2024,Ranging,999.0120477,22.53561415,5,7/3/2024 8:54,
TAOUSDT,7/2/2024,Uptrend,1143.401058,22.2382647,5,7/9/2024 14:08,
FTMUSDT,7/3/2024,Ranging,872.0910749,24.02774863,5,7/4/2024 12:58,
SUIUSDT,7/4/2024,Uptrend,911.914241,30.25861417,5,7/6/2024 16:35,
FILUSDT,7/5/2024,Uptrend,939.9477556,26.19657775,5,7/6/2024 16:36,
JASMYUSDT,7/6/2024,Uptrend,766.254551,46.64466339,5,7/14/2024 23:08,
STXUSDT,7/7/2024,Uptrend,973.0041654,43.18604501,5,7/8/2024 8:23,
TIAUSDT,7/8/2024,Uptrend,749.5004511,42.06783002,5,7/9/2024 9:26,
SEIUSDT,7/9/2024,Uptrend,849.5664103,44.72831171,5,7/15/2024 12:55,
STXUSDT,7/10/2024,Ranging,1010.661478,22.93779255,5,8/3/2024 17:33,
OMUSDT,7/11/2024,Downtrend,1051.641154,32.18425475,5,7/12/2024 9:35,
MKRUSDT,7/12/2024,Downtrend,841.761761,20.88204176,5,8/3/2024 16:14,
ICPUSDT,7/13/2024,Downtrend,928.9826642,16.45980244,5,8/3/2024 16:07,
JUPUSDT,7/14/2024,Downtrend,1036.757815,17.81514575,5,8/4/2024 17:10,
WLDUSDT,7/15/2024,Uptrend,683.7991884,51.97189156,5,7/16/2024 15:37,
WLDUSDT,7/16/2024,Ranging,667.9479287,42.2066218,5,7/18/2024 21:12,
ICPUSDT,7/17/2024,Downtrend,779.2017383,33.31382595,5,7/18/2024 14:40,
WIFUSDT,7/18/2024,Ranging,717.9226274,40.27156662,5,7/31/2024 19:39,
RAYUSDT,7/19/2024,Downtrend,830.9736662,43.22543862,5,7/23/2024 16:51,
RAYUSDT,7/20/2024,Downtrend,794.3181372,42.61764665,5,7/23/2024 5:09,
AVAXUSDT,7/21/2024,Ranging,789.1095498,33.34414833,5,7/23/2024 7:44,
ENAUSDT,7/22/2024,Ranging,794.1808352,41.68387878,5,7/25/2024 20:11,
ENSUSDT,7/23/2024,Ranging,789.4287448,38.37466094,5,7/24/2024 18:32,
FLOWUSDT,7/24/2024,Ranging,1000.577512,30.20389219,5,7/25/2024 20:03,
LDOUSDT,7/25/2024,Uptrend,829.5578121,40.52639607,5,7/27/2024 13:14,
FILUSDT,7/26/2024,Uptrend,998.9476639,0.384901918,1,7/27/2024 0:33,
STXUSDT,7/27/2024,Uptrend,999.0626378,0.467231807,1,7/28/2024 0:33,
BCHUSDT,7/28/2024,Ranging,863.3660854,26.52958166,5,8/1/2024 18:42,
MKRUSDT,7/29/2024,Ranging,758.1561585,27.01858815,5,8/2/2024 12:00,
THETAUSDT,7/30/2024,Ranging,945.4664055,26.84587654,5,8/1/2024 15:21,
SANDUSDT,7/31/2024,Ranging,904.7494976,24.3224035,5,8/1/2024 16:34,
WIFUSDT,8/1/2024,Uptrend,992.573894,0.894203735,2,8/24/2024 16:27,
JUPUSDT,8/2/2024,Ranging,867.4561299,19.9868435,5,8/3/2024 16:24,
OMUSDT,8/3/2024,Uptrend,997.4892511,0.726177204,2,8/4/2024 1:00,
TAOUSDT,8/4/2024,Uptrend,1065.801256,29.11479849,5,8/5/2024 21:16,
LINKUSDT,8/5/2024,Ranging,1069.124106,18.24927496,5,8/8/2024 0:29,
RENDERUSDT,8/6/2024,Ranging,1021.195152,25.62617364,5,8/7/2024 14:39,
XRPUSDT,8/7/2024,High Volatility,959.7392668,9.494198472,5,9/1/2024 22:59,
TIAUSDT,8/8/2024,Ranging,801.8959982,33.32182232,5,8/11/2024 19:28,
TONUSDT,8/9/2024,Ranging,830.4820162,30.54155025,5,8/11/2024 19:33,
APTUSDT,8/10/2024,Downtrend,1046.964185,22.02889823,5,8/11/2024 19:24,
WIFUSDT,8/11/2024,Downtrend,1049.276378,25.44083263,5,8/15/2024 5:57,
CRVUSDT,8/12/2024,Downtrend,977.7444548,11.75063939,5,8/29/2024 18:53,
IMXUSDT,8/13/2024,Ranging,1049.091082,22.93508923,5,8/15/2024 6:20,
TONUSDT,8/14/2024,Ranging,919.6381656,29.18361165,5,8/16/2024 12:30,
APTUSDT,8/15/2024,Downtrend,994.0169659,21.87395651,5,8/16/2024 11:54,
UNIUSDT,8/16/2024,Ranging,1053.098826,18.1184454,5,8/19/2024 16:20,
JASMYUSDT,8/17/2024,Uptrend,888.6456061,25.65443974,5,8/23/2024 0:39,
OMUSDT,8/18/2024,Uptrend,1134.701111,18.31508547,5,8/23/2024 0:29,
FETUSDT,8/19/2024,Uptrend,1434.743341,28.68423424,5,8/21/2024 18:51,
TRXUSDT,8/20/2024,Downtrend,995.1651923,10.09536354,5,8/22/2024 2:59,
UNIUSDT,8/21/2024,Ranging,1017.320188,13.32494026,5,8/25/2024 17:00,
FLOKIUSDT,8/22/2024,Ranging,1052.139066,11.4792313,5,8/30/2024 1:01,
SUIUSDT,8/23/2024,Downtrend,1494.551111,18.43382327,5,8/26/2024 12:45,
TONUSDT,8/24/2024,Uptrend,995.4465303,2.371510481,3,8/25/2024 22:03,
ATOMUSDT,8/25/2024,Ranging,1011.638037,18.69410478,5,8/27/2024 21:17,
WIFUSDT,8/26/2024,Ranging,1161.798533,13.64980058,5,8/27/2024 21:12,
ETHUSDT,8/27/2024,Ranging,1112.495571,6.347004907,5,9/6/2024 15:19,
STXUSDT,8/28/2024,Ranging,1246.209881,11.65744321,5,9/1/2024 2:03,
FLOKIUSDT,8/29/2024,Uptrend,1196.874115,7.848184806,5,9/24/2024 12:22,
GALAUSDT,8/30/2024,Ranging,1233.548389,9.987254866,5,9/1/2024 5:24,
FETUSDT,8/31/2024,Ranging,1333.546303,11.76082177,5,9/6/2024 7:24,
SANDUSDT,9/1/2024,Uptrend,994.6404559,17.56004433,5,9/2/2024 20:54,
UNIUSDT,9/2/2024,Ranging,1011.334338,1.776675375,3,9/4/2024 1:03,
AAVEUSDT,9/3/2024,Downtrend,1002.233638,0.367126906,1,9/4/2024 1:13,
STRKUSDT,9/4/2024,Ranging,1015.355312,25.49074269,5,9/11/2024 14:44,
ENAUSDT,9/5/2024,Uptrend,1252.807019,32.41288982,5,9/8/2024 22:22,
DOGEUSDT,9/6/2024,Uptrend,1118.659209,20.74302237,5,9/9/2024 9:09,
STRKUSDT,9/7/2024,Ranging,981.0036941,25.23727804,5,9/10/2024 12:37,
QNTUSDT,9/8/2024,Ranging,1000.808553,2.757011566,5,10/8/2024 15:33,
OMUSDT,9/9/2024,Uptrend,1297.417018,10.60352631,5,9/10/2024 16:57,
ICPUSDT,9/10/2024,Ranging,968.1390794,18.66808184,5,9/13/2024 6:42,
WIFUSDT,9/11/2024,Ranging,1667.088378,21.29393969,5,9/16/2024 14:31,
WLDUSDT,9/12/2024,Ranging,1345.335805,24.49350929,5,9/16/2024 9:47,
THETAUSDT,9/13/2024,Ranging,1042.345935,11.90785904,5,10/2/2024 19:06,
TIAUSDT,9/14/2024,Ranging,1096.272245,11.9003363,4,9/16/2024 14:03,
FTMUSDT,9/15/2024,Uptrend,1357.766489,20.32572225,5,9/17/2024 4:49,
TAOUSDT,9/16/2024,Ranging,1010.426159,0.506893901,1,9/17/2024 1:02,
IMXUSDT,9/17/2024,Ranging,1035.720612,8.983049376,4,9/18/2024 15:42,
FLOKIUSDT,9/18/2024,Uptrend,1094.033113,26.14381733,5,9/19/2024 16:50,
APTUSDT,9/19/2024,Uptrend,1301.828065,15.51298771,5,9/20/2024 7:31,
LDOUSDT,9/20/2024,Ranging,1130.262266,9.360937163,5,10/2/2024 18:59,
APTUSDT,9/21/2024,Ranging,1243.078695,13.94784485,5,9/30/2024 23:41,
SUIUSDT,9/22/2024,Downtrend,1071.51651,7.215086097,4,9/23/2024 12:50,
ARUSDT,9/23/2024,Ranging,873.0172056,23.33924984,5,9/29/2024 12:55,
WIFUSDT,9/24/2024,Ranging,1008.423555,0.966558306,2,9/25/2024 7:16,
WLDUSDT,9/25/2024,Downtrend,977.7283245,25.47432871,5,9/29/2024 7:50,
SHIBUSDT,9/26/2024,Downtrend,958.5435018,14.17558187,5,9/30/2024 15:55,
BONKUSDT,9/27/2024,Downtrend,978.320267,21.17922191,5,9/28/2024 9:08,
PEPEUSDT,9/28/2024,Downtrend,898.9444346,20.79773136,5,9/30/2024 23:00,
SEIUSDT,9/29/2024,High Volatility,912.0319737,23.81916832,5,10/1/2024 15:04,
OPUSDT,9/30/2024,Downtrend,1027.569462,13.98438656,5,10/1/2024 17:17,
INJUSDT,10/1/2024,Ranging,972.7888968,21.24570462,5,10/3/2024 8:05,
XRPUSDT,10/2/2024,Downtrend,1018.708199,4.016712713,5,10/25/2024 23:22,
APTUSDT,10/3/2024,Ranging,1063.105479,19.42755235,5,10/10/2024 17:46,
TAOUSDT,10/4/2024,High Volatility,841.8656586,32.21136688,5,10/10/2024 17:54,
WLDUSDT,10/5/2024,Ranging,973.9164767,33.19365791,5,10/10/2024 9:26,
PEPEUSDT,10/6/2024,High Volatility,898.4101332,24.00200108,5,10/7/2024 23:54,
ATOMUSDT,10/7/2024,Downtrend,1054.956203,19.89964237,5,10/9/2024 20:53,
RAYUSDT,10/8/2024,Downtrend,2437.46238,15.84940568,5,10/9/2024 17:26,
OPUSDT,10/9/2024,Downtrend,1069.862667,8.887254546,5,11/2/2024 17:15,
UNIUSDT,10/10/2024,Downtrend,1157.286473,16.3901706,5,10/13/2024 16:09,
ENAUSDT,10/11/2024,Ranging,1188.527766,5.152065394,4,11/3/2024 15:45,
APTUSDT,10/12/2024,Downtrend,1348.794383,18.85233235,5,10/25/2024 18:09,
TIAUSDT,10/13/2024,Ranging,961.8708573,26.54519656,5,10/16/2024 16:16,
BCHUSDT,10/14/2024,Ranging,1182.023857,13.36445743,5,10/15/2024 15:06,
LTCUSDT,10/15/2024,Ranging,1168.165287,10.42812742,5,10/25/2024 23:23,
BONKUSDT,10/16/2024,Ranging,1752.184996,24.84944266,5,10/17/2024 12:00,
RUNEUSDT,10/17/2024,Downtrend,1196.284141,17.01512873,5,11/4/2024 20:13,
SANDUSDT,10/18/2024,Ranging,1197.72944,16.13911305,5,10/22/2024 0:30,
FLOKIUSDT,10/19/2024,Downtrend,1506.450886,19.07949709,5,10/22/2024 13:34,
DYDXUSDT,10/20/2024,Ranging,1028.383356,25.32583407,5,10/21/2024 10:21,
ATOMUSDT,10/21/2024,Ranging,1271.150283,13.92871577,5,10/25/2024 23:12,
RUNEUSDT,10/22/2024,Downtrend,1068.50857,26.50651389,5,10/25/2024 23:21,
JUPUSDT,10/23/2024,Downtrend,1080.191393,18.59231884,5,10/24/2024 16:12,
PYTHUSDT,10/24/2024,Downtrend,1099.604364,18.83316901,5,10/25/2024 4:27,
ARUSDT,10/25/2024,Uptrend,1258.773582,24.25424296,5,10/29/2024 16:26,
QNTUSDT,10/26/2024,Uptrend,1409.013856,16.53145125,5,11/10/2024 4:53,
OMUSDT,10/27/2024,Uptrend,2179.354929,23.35159303,5,11/12/2024 20:45,
DOGEUSDT,10/28/2024,Downtrend,2187.050914,21.488554,5,11/1/2024 6:56,
SUIUSDT,10/29/2024,Uptrend,1466.416518,22.30995735,5,11/6/2024 3:04,
MKRUSDT,10/30/2024,Ranging,1412.771579,13.4635484,5,11/3/2024 13:39,
IMXUSDT,10/31/2024,Ranging,1572.358933,20.24828389,5,11/1/2024 21:02,
IMXUSDT,11/1/2024,Uptrend,1615.001614,22.03087631,5,11/6/2024 6:23,
RAYUSDT,11/2/2024,High Volatility,1389.826926,27.85605267,5,11/3/2024 14:58,
FLOKIUSDT,11/3/2024,Uptrend,1650.826357,27.07467307,5,11/6/2024 0:34,
RUNEUSDT,11/4/2024,Ranging,1005.615833,0.388768268,1,11/5/2024 7:10,
BONKUSDT,11/5/2024,Uptrend,1892.225751,33.91261501,5,11/6/2024 2:57,
LDOUSDT,11/6/2024,Ranging,1622.11721,21.87645533,5,11/8/2024 17:02,
ENSUSDT,11/7/2024,Downtrend,2022.197071,17.99696132,5,11/12/2024 16:11,
POLUSDT,11/8/2024,Downtrend,1707.118495,16.32845275,5,11/13/2024 6:33,
RAYUSDT,11/9/2024,High Volatility,887.6428965,30.84187381,5,11/10/2024 21:10,
SHIBUSDT,11/10/2024,Downtrend,1055.286675,22.20769336,5,11/11/2024 5:26,
STXUSDT,11/11/2024,Downtrend,1159.12807,30.24184144,5,11/12/2024 10:49,
BONKUSDT,11/12/2024,Downtrend,1074.179365,38.64805658,5,11/13/2024 2:18,
PEPEUSDT,11/13/2024,High Volatility,1183.486321,21.86811616,5,11/15/2024 4:37,
OMUSDT,11/14/2024,Downtrend,2102.130521,26.5139586,5,11/15/2024 5:12,
ALGOUSDT,11/15/2024,High Volatility,1119.062306,10.13964869,3,11/17/2024 20:26,
QNTUSDT,11/16/2024,High Volatility,1495.826674,25.58626957,5,11/17/2024 11:45,
RAYUSDT,11/17/2024,High Volatility,940.2719049,30.54965404,5,11/20/2024 1:23,
XTZUSDT,11/18/2024,High Volatility,1181.442283,28.10917041,5,11/19/2024 5:00,
KAIAUSDT,11/19/2024,Downtrend,1147.462055,25.11024392,4,11/20/2024 17:23,
ADAUSDT,11/20/2024,High Volatility,1060.413717,5.995424096,4,12/20/2024 11:51,
OPUSDT,11/21/2024,High Volatility,928.0219738,14.44751074,5,12/19/2024 18:15,
XLMUSDT,11/22/2024,High Volatility,997.2427158,13.77611919,5,12/19/2024 20:10,
JASMYUSDT,11/23/2024,High Volatility,1330.285285,46.28347766,5,11/24/2024 12:35,
SANDUSDT,11/24/2024,High Volatility,904.2333995,45.26470681,5,11/25/2024 1:20,
ENSUSDT,11/25/2024,Downtrend,1455.649276,32.55659002,5,11/26/2024 10:46,
FTMUSDT,11/26/2024,Downtrend,902.1162279,35.29728702,5,11/28/2024 15:16,
ENSUSDT,11/27/2024,High Volatility,1024.291411,30.82606175,5,11/28/2024 3:32,
WLDUSDT,11/28/2024,Downtrend,902.2657607,23.23413327,5,12/18/2024 20:06,
ALGOUSDT,11/29/2024,High Volatility,853.311968,44.93529529,5,11/30/2024 4:02,
THETAUSDT,11/30/2024,High Volatility,853.9356,37.62034501,5,12/1/2024 2:42,
KAIAUSDT,12/1/2024,High Volatility,904.3980295,20.12902352,5,12/19/2024 2:03,
LINKUSDT,12/2/2024,High Volatility,964.8291817,29.23515089,5,12/3/2024 14:34,
TRXUSDT,12/3/2024,High Volatility,754.4743333,37.20285435,5,12/4/2024 1:00,
CRVUSDT,12/4/2024,High Volatility,1058.509552,38.90913188,5,12/5/2024 1:26,
JASMYUSDT,12/5/2024,High Volatility,799.9209779,37.14111914,5,12/6/2024 2:54,
DYDXUSDT,12/6/2024,Downtrend,806.8679411,35.87406109,5,12/9/2024 20:49,
PEPEUSDT,12/7/2024,Downtrend,928.262358,35.15971897,5,12/10/2024 3:26,
RUNEUSDT,12/8/2024,Downtrend,719.8148691,29.92615517,5,12/9/2024 9:20,
TIAUSDT,12/9/2024,Ranging,793.2055744,24.71417629,5,12/18/2024 4:27,
RAYUSDT,12/10/2024,Uptrend,947.3452433,30.35393878,5,12/11/2024 8:31,
SUIUSDT,12/11/2024,High Volatility,1156.793985,18.38300032,5,12/19/2024 2:02,
AAVEUSDT,12/12/2024,High Volatility,886.0223822,22.97642737,5,12/19/2024 1:04,
JASMYUSDT,12/13/2024,High Volatility,787.3817302,32.29584864,5,12/14/2024 12:59,
ENAUSDT,12/14/2024,High Volatility,845.0814875,28.71057224,5,12/15/2024 3:01,
FTMUSDT,12/15/2024,High Volatility,623.8864325,43.78834525,5,12/16/2024 7:10,
RUNEUSDT,12/16/2024,Downtrend,631.143329,39.75418529,5,12/18/2024 4:36,
GALAUSDT,12/17/2024,Ranging,887.6618845,21.97569483,5,12/18/2024 20:07,
WIFUSDT,12/18/2024,Uptrend,996.7097589,0.357866121,1,12/19/2024 0:33,
MOVEUSDT,12/19/2024,Ranging,1173.13406,29.40938396,5,12/20/2024 9:21,
MOVEUSDT,12/20/2024,Ranging,984.491683,26.31032926,5,12/21/2024 2:43,
APTUSDT,12/21/2024,Ranging,1020.749552,16.16702107,5,12/26/2024 20:51,
ALGOUSDT,12/22/2024,Uptrend,1001.34144,21.58787885,5,12/23/2024 4:05,
AAVEUSDT,12/23/2024,High Volatility,835.9494008,20.01490209,5,12/26/2024 1:10,
PENGUUSDT,12/24/2024,Ranging,936.3293271,26.69538349,5,12/25/2024 4:47,
MOVEUSDT,12/25/2024,Downtrend,893.2966298,22.28688865,5,12/26/2024 16:14,
ENAUSDT,12/26/2024,High Volatility,1026.763762,7.767976563,5,1/9/2025 14:04,
DYDXUSDT,12/27/2024,Ranging,928.2428881,20.84228937,5,12/31/2024 17:37,
CRVUSDT,12/28/2024,Downtrend,881.3657899,23.19318931,5,12/29/2024 16:15,
XTZUSDT,12/29/2024,Uptrend,905.9026989,14.97762748,5,1/3/2025 13:47,
STXUSDT,12/30/2024,Uptrend,976.8393954,19.16217562,5,12/31/2024 8:27,
OMUSDT,12/31/2024,Uptrend,974.3063526,8.536767321,5,1/6/2025 22:41,
